{"cameraMode":{"drawMode":0,"name":"Shaded","section":"Shading Mode"},"sceneLighting":true,"audioPlay":false,"sceneViewState":{"showFog":true,"showMaterialUpdate":true,"showSkybox":false,"showFlares":true,"showImageEffects":true,"showParticleSystems":true,"showVisualEffectGraphs":true},"in2DMode":false,"pivot":{"x":0.08502721786499024,"y":-0.3517687916755676,"z":-0.22329843044281007},"rotation":{"x":-0.4135074019432068,"y":0.011486602015793324,"z":-0.005176214501261711,"w":-0.9104792475700378},"size":7.0683393478393559,"orthographic":false}