{"cameraMode":{"drawMode":0,"name":"Shaded","section":"Shading Mode"},"sceneLighting":true,"audioPlay":false,"sceneViewState":{"showFog":true,"showMaterialUpdate":true,"showSkybox":true,"showFlares":true,"showImageEffects":true,"showParticleSystems":true},"in2DMode":false,"pivot":{"x":-0.40846824645996096,"y":0.02956867218017578,"z":0.07890939712524414},"rotation":{"x":-0.5504086017608643,"y":-0.010019371286034584,"z":0.006605420261621475,"w":-0.8348092436790466},"size":5.532527446746826,"orthographic":false}