{"cameraMode":{"drawMode":0,"name":"Shaded","section":"Shading Mode"},"sceneLighting":false,"audioPlay":false,"sceneViewState":{"showFog":true,"showMaterialUpdate":true,"showSkybox":true,"showFlares":true,"showImageEffects":true,"showParticleSystems":true},"in2DMode":false,"pivot":{"x":-6.096445083618164,"y":0.19897842407226563,"z":1.7060271501541138},"rotation":{"x":-0.6773834824562073,"y":-0.02866225503385067,"z":0.02643393725156784,"w":-0.7345961332321167},"size":29.99284553527832,"orthographic":false}