{"cameraMode":{"drawMode":0,"name":"Shaded","section":"Shading Mode"},"sceneLighting":true,"audioPlay":false,"sceneViewState":{"showFog":true,"showMaterialUpdate":true,"showSkybox":true,"showFlares":true,"showImageEffects":true,"showParticleSystems":true},"in2DMode":false,"pivot":{"x":-3.5004944801330568,"y":-1.0709187984466553,"z":-3.0907511711120607},"rotation":{"x":-0.5170206427574158,"y":0.4741303026676178,"z":-0.4333054721355438,"w":-0.5658060908317566},"size":2.540839195251465,"orthographic":false}