{"cameraMode":{"drawMode":0,"name":"Shaded","section":"Shading Mode"},"sceneLighting":false,"audioPlay":false,"sceneViewState":{"showFog":true,"showMaterialUpdate":true,"showSkybox":true,"showFlares":true,"showImageEffects":true,"showParticleSystems":true},"in2DMode":false,"pivot":{"x":-0.2890540659427643,"y":0.3905606269836426,"z":0.6037983894348145},"rotation":{"x":-0.4805299937725067,"y":0.012363137677311898,"z":-0.006775166839361191,"w":-0.876865029335022},"size":8.677328109741211,"orthographic":false}