{"cameraMode":{"drawMode":0,"name":"Shaded","section":"Shading Mode"},"sceneLighting":false,"audioPlay":false,"sceneViewState":{"showFog":true,"showMaterialUpdate":true,"showSkybox":true,"showFlares":true,"showImageEffects":true,"showParticleSystems":true},"in2DMode":false,"pivot":{"x":0.28051257133483889,"y":0.16824114322662354,"z":0.679135799407959},"rotation":{"x":-0.3720625638961792,"y":-0.018935034051537515,"z":0.00759172672405839,"w":-0.9279835224151611},"size":5.8389081954956059,"orthographic":false}