{"cameraMode":{"drawMode":0,"name":"Shaded","section":"Shading Mode"},"sceneLighting":true,"audioPlay":false,"sceneViewState":{"showFog":true,"showMaterialUpdate":true,"showSkybox":true,"showFlares":true,"showImageEffects":true,"showParticleSystems":true},"in2DMode":false,"pivot":{"x":11.458847999572754,"y":-4.346650123596191,"z":-32.19844055175781},"rotation":{"x":0.6209061741828919,"y":0.0000018359820614932688,"z":0.000002058432983176317,"w":0.7838849425315857},"size":48.567054748535159,"orthographic":false}