{"cameraMode":{"drawMode":0,"name":"Shaded","section":"Shading Mode"},"sceneLighting":true,"audioPlay":false,"sceneViewState":{"showFog":true,"showMaterialUpdate":true,"showSkybox":true,"showFlares":true,"showImageEffects":true,"showParticleSystems":true},"in2DMode":false,"pivot":{"x":-21.991390228271486,"y":-2.5207626819610597,"z":2.920353889465332},"rotation":{"x":-0.268856018781662,"y":0.036107636988162997,"z":-0.010087009519338608,"w":-0.9624505639076233},"size":9.208823204040528,"orthographic":false}