{"cameraMode":{"drawMode":0,"name":"Shaded","section":"Shading Mode"},"sceneLighting":false,"audioPlay":false,"sceneViewState":{"showFog":true,"showMaterialUpdate":true,"showSkybox":true,"showFlares":true,"showImageEffects":true,"showParticleSystems":true},"in2DMode":false,"pivot":{"x":-1.818617343902588,"y":-4.067976951599121,"z":0.09342002868652344},"rotation":{"x":-0.46256086230278017,"y":0.336000919342041,"z":-0.1950216293334961,"w":-0.7969363331794739},"size":15.31212043762207,"orthographic":false}