{"cameraMode":{"drawMode":0,"name":"Shaded","section":"Shading Mode"},"sceneLighting":false,"audioPlay":false,"sceneViewState":{"showFog":true,"showMaterialUpdate":true,"showSkybox":true,"showFlares":true,"showImageEffects":true,"showParticleSystems":true},"in2DMode":false,"pivot":{"x":-0.6683202981948853,"y":0.16443197429180146,"z":-0.8893577456474304},"rotation":{"x":-0.19387583434581757,"y":0.14799033105373383,"z":-0.0295934546738863,"w":-0.9693478345870972},"size":23.374021530151368,"orthographic":false}