{"cameraMode":{"drawMode":0,"name":"Shaded","section":"Shading Mode"},"sceneLighting":false,"audioPlay":false,"sceneViewState":{"showFog":true,"showMaterialUpdate":true,"showSkybox":true,"showFlares":true,"showImageEffects":true,"showParticleSystems":true},"in2DMode":false,"pivot":{"x":-2.6054582595825197,"y":0.12067604064941406,"z":0.5621767044067383},"rotation":{"x":-0.4365333914756775,"y":0.015381875447928906,"z":-0.007464763708412647,"w":-0.8995256423950195},"size":7.4791083335876469,"orthographic":false}