{"cameraMode":{"drawMode":0,"name":"Shaded","section":"Shading Mode"},"sceneLighting":false,"audioPlay":false,"sceneViewState":{"showFog":true,"showMaterialUpdate":true,"showSkybox":true,"showFlares":true,"showImageEffects":true,"showParticleSystems":true},"in2DMode":false,"pivot":{"x":5.596245765686035,"y":0.18422889709472657,"z":0.18321990966796876},"rotation":{"x":-0.39842358231544497,"y":-0.0077059222385287289,"z":0.003347469260916114,"w":-0.917163074016571},"size":15.262567520141602,"orthographic":false}