{"cameraMode":{"drawMode":0,"name":"Shaded","section":"Shading Mode"},"sceneLighting":true,"audioPlay":false,"sceneViewState":{"showFog":false,"showMaterialUpdate":false,"showSkybox":false,"showFlares":false,"showImageEffects":false,"showParticleSystems":false,"showVisualEffectGraphs":false},"in2DMode":false,"pivot":{"x":0.6202678680419922,"y":9.06383991241455,"z":0.8514392375946045},"rotation":{"x":0.25328725576400759,"y":-0.6597015261650086,"z":0.2528549134731293,"w":0.6608882546424866},"size":9.709485054016114,"orthographic":false}