{"cameraMode":{"drawMode":0,"name":"Shaded","section":"Shading Mode"},"sceneLighting":false,"audioPlay":false,"sceneViewState":{"showFog":true,"showMaterialUpdate":true,"showSkybox":false,"showFlares":true,"showImageEffects":true,"showParticleSystems":true,"showVisualEffectGraphs":true},"in2DMode":false,"pivot":{"x":-0.295634925365448,"y":0.16983526945114137,"z":0.5117003917694092},"rotation":{"x":-0.610846221446991,"y":-0.01852196455001831,"z":0.014302841387689114,"w":-0.7914534211158752},"size":3.4026389122009279,"orthographic":false}