{"cameraMode":{"drawMode":0,"name":"Shaded","section":"Shading Mode"},"sceneLighting":true,"audioPlay":false,"sceneViewState":{"showFog":false,"showMaterialUpdate":false,"showSkybox":false,"showFlares":false,"showImageEffects":false,"showParticleSystems":false,"showVisualEffectGraphs":false},"in2DMode":false,"pivot":{"x":-3.1814708709716799,"y":11.940202713012696,"z":-0.21985965967178346},"rotation":{"x":0.27353742718696597,"y":0.6579478979110718,"z":-0.27977848052978518,"w":0.643500804901123},"size":26.50229263305664,"orthographic":false}