{"cameraMode":{"drawMode":0,"name":"Shaded","section":"Shading Mode"},"sceneLighting":false,"audioPlay":true,"sceneViewState":{"showFog":true,"showMaterialUpdate":true,"showSkybox":false,"showFlares":true,"showImageEffects":true,"showParticleSystems":true,"showVisualEffectGraphs":true},"in2DMode":false,"pivot":{"x":0.5843862295150757,"y":0.5506894588470459,"z":1.5083544254302979},"rotation":{"x":-0.017254630103707315,"y":0.654014527797699,"z":-0.014916247688233853,"w":-0.7561474442481995},"size":8.120599746704102,"orthographic":false}