{"cameraMode":{"drawMode":0,"name":"Shaded","section":"Shading Mode"},"sceneLighting":true,"audioPlay":false,"sceneViewState":{"showFog":false,"showMaterialUpdate":false,"showSkybox":false,"showFlares":false,"showImageEffects":false,"showParticleSystems":false,"showVisualEffectGraphs":false},"in2DMode":false,"pivot":{"x":-21.085329055786134,"y":-0.02137160301208496,"z":-0.03618931770324707},"rotation":{"x":0.3940183222293854,"y":0.006896056234836578,"z":-0.002945002168416977,"w":0.9190983772277832},"size":4.666904449462891,"orthographic":false}