{"cameraMode":{"drawMode":0,"name":"Shaded","section":"Shading Mode"},"sceneLighting":false,"audioPlay":true,"sceneViewState":{"showFog":true,"showMaterialUpdate":true,"showSkybox":false,"showFlares":true,"showImageEffects":true,"showParticleSystems":true,"showVisualEffectGraphs":true},"in2DMode":false,"pivot":{"x":0.024091361090540887,"y":0.6961584687232971,"z":0.12938833236694337},"rotation":{"x":-0.26268815994262698,"y":-0.0066586704924702648,"z":0.0018171509727835656,"w":-0.9648705720901489},"size":5.557819366455078,"orthographic":false}