{"cameraMode":{"drawMode":0,"name":"Shaded","section":"Shading Mode"},"sceneLighting":true,"audioPlay":false,"sceneViewState":{"showFog":true,"showMaterialUpdate":true,"showSkybox":false,"showFlares":true,"showImageEffects":true,"showParticleSystems":true,"showVisualEffectGraphs":true},"in2DMode":false,"pivot":{"x":-0.4318467080593109,"y":0.3855646550655365,"z":-0.08057928085327149},"rotation":{"x":-0.11853203177452088,"y":-0.005366211757063866,"z":0.0006486716447398067,"w":-0.992964506149292},"size":2.5998051166534426,"orthographic":false}